Team,Season,Bye Week
Denver Broncos,1990,8
Denver Broncos,1991,7
Denver Broncos,1992,9
Denver Broncos,1993,4
Denver Broncos,1993,8
Denver Broncos,1994,5
Denver Broncos,1995,9
Denver Broncos,1996,7
Denver Broncos,1997,7
Denver Broncos,1998,7
Denver Broncos,1999,12
Denver Broncos,2000,9
Denver Broncos,2001,15
Denver Broncos,2002,9
Denver Broncos,2003,10
Denver Broncos,2004,10
Denver Broncos,2005,9
Denver Broncos,2006,4
Denver Broncos,2007,6
Denver Broncos,2008,8
Denver Broncos,2009,7
Denver Broncos,2010,9
Denver Broncos,2011,6
Denver Broncos,2012,7
Denver Broncos,2013,9
Denver Broncos,2014,4
Denver Broncos,2015,7
Denver Broncos,2016,11
Denver Broncos,2017,5
Denver Broncos,2018,10
Denver Broncos,2019,10
Denver Broncos,2020,5
Denver Broncos,2021,11
Denver Broncos,2022,9
Denver Broncos,2023,9
Denver Broncos,2024,14
